{
  "chair": {
    "cuda": {
      "ips_last1k": 103.61,
      "wall_time_s": 280.55,
      "peak_mb": 574.9,
      "avg_mb": 279.6,
      "final_gs": 302419,
      "psnr": 35.74333572387695,
      "ssim": 0.9870544672012329,
      "lpips": 0.011933119036257267
    },
    "warp": {
      "ips_last1k": 113.13,
      "wall_time_s": 255.93,
      "peak_mb": 722.3,
      "avg_mb": 425.5,
      "final_gs": 302935,
      "psnr": 35.65530776977539,
      "ssim": 0.9870842099189758,
      "lpips": 0.011921229772269726
    }
  },
  "drums": {
    "cuda": {
      "ips_last1k": 102.99,
      "wall_time_s": 274.04,
      "peak_mb": 612.1,
      "avg_mb": 295.6,
      "final_gs": 331879,
      "psnr": 26.09282684326172,
      "ssim": 0.9540509581565857,
      "lpips": 0.0369998924434185
    },
    "warp": {
      "ips_last1k": 115.35,
      "wall_time_s": 249.42,
      "peak_mb": 761.9,
      "avg_mb": 441.0,
      "final_gs": 332585,
      "psnr": 26.08856964111328,
      "ssim": 0.9540025591850281,
      "lpips": 0.03724142909049988
    }
  },
  "ficus": {
    "cuda": {
      "ips_last1k": 139.49,
      "wall_time_s": 208.75,
      "peak_mb": 391.6,
      "avg_mb": 201.8,
      "final_gs": 193770,
      "psnr": 34.81736755371094,
      "ssim": 0.987042248249054,
      "lpips": 0.011944442987442017
    },
    "warp": {
      "ips_last1k": 148.23,
      "wall_time_s": 196.71,
      "peak_mb": 535.6,
      "avg_mb": 345.5,
      "final_gs": 193523,
      "psnr": 34.83055877685547,
      "ssim": 0.9870761632919312,
      "lpips": 0.011905977502465248
    }
  },
  "hotdog": {
    "cuda": {
      "ips_last1k": 144.47,
      "wall_time_s": 213.29,
      "peak_mb": 350.6,
      "avg_mb": 176.2,
      "final_gs": 168282,
      "psnr": 37.518428802490234,
      "ssim": 0.9848310351371765,
      "lpips": 0.020782267674803734
    },
    "warp": {
      "ips_last1k": 156.5,
      "wall_time_s": 192.74,
      "peak_mb": 494.1,
      "avg_mb": 322.5,
      "final_gs": 167573,
      "psnr": 37.4989128112793,
      "ssim": 0.9848694801330566,
      "lpips": 0.020729105919599533
    }
  },
  "lego": {
    "cuda": {
      "ips_last1k": 117.54,
      "wall_time_s": 249.62,
      "peak_mb": 565.4,
      "avg_mb": 283.8,
      "final_gs": 299601,
      "psnr": 35.713687896728516,
      "ssim": 0.9827188849449158,
      "lpips": 0.015558416955173016
    },
    "warp": {
      "ips_last1k": 126.54,
      "wall_time_s": 231.11,
      "peak_mb": 719.9,
      "avg_mb": 431.1,
      "final_gs": 300570,
      "psnr": 35.74375534057617,
      "ssim": 0.982848584651947,
      "lpips": 0.015431055799126625
    }
  },
  "materials": {
    "cuda": {
      "ips_last1k": 133.98,
      "wall_time_s": 219.87,
      "peak_mb": 470.7,
      "avg_mb": 232.7,
      "final_gs": 242730,
      "psnr": 29.975053787231445,
      "ssim": 0.9607982039451599,
      "lpips": 0.03353264927864075
    },
    "warp": {
      "ips_last1k": 144.86,
      "wall_time_s": 203.71,
      "peak_mb": 616.8,
      "avg_mb": 377.2,
      "final_gs": 243789,
      "psnr": 30.000164031982422,
      "ssim": 0.9609530568122864,
      "lpips": 0.03348486125469208
    }
  },
  "mic": {
    "cuda": {
      "ips_last1k": 95.39,
      "wall_time_s": 292.29,
      "peak_mb": 573.9,
      "avg_mb": 271.2,
      "final_gs": 303754,
      "psnr": 35.788612365722656,
      "ssim": 0.991865873336792,
      "lpips": 0.006116379052400589
    },
    "warp": {
      "ips_last1k": 105.12,
      "wall_time_s": 267.38,
      "peak_mb": 720.0,
      "avg_mb": 416.0,
      "final_gs": 301945,
      "psnr": 36.00154113769531,
      "ssim": 0.9921078681945801,
      "lpips": 0.005974798928946257
    }
  },
  "ship": {
    "cuda": {
      "ips_last1k": 107.02,
      "wall_time_s": 271.31,
      "peak_mb": 649.3,
      "avg_mb": 309.1,
      "final_gs": 346397,
      "psnr": 30.840757369995117,
      "ssim": 0.9056169986724854,
      "lpips": 0.10551099479198456
    },
    "warp": {
      "ips_last1k": 113.16,
      "wall_time_s": 253.72,
      "peak_mb": 798.8,
      "avg_mb": 455.4,
      "final_gs": 347139,
      "psnr": 30.84772491455078,
      "ssim": 0.9056826829910278,
      "lpips": 0.10517024248838425
    }
  },
  "train": {
    "cuda": {
      "ips_last1k": 55.58,
      "wall_time_s": 521.09,
      "peak_mb": 1868.1,
      "avg_mb": 875.6,
      "final_gs": 1091373,
      "psnr": 22.10542106628418,
      "ssim": 0.8196382522583008,
      "lpips": 0.19736230373382568
    },
    "warp": {
      "ips_last1k": 58.32,
      "wall_time_s": 492.56,
      "peak_mb": 2047.3,
      "avg_mb": 1047.6,
      "final_gs": 1096544,
      "psnr": 22.247251510620117,
      "ssim": 0.8203824758529663,
      "lpips": 0.19694818556308746
    }
  },
  "truck": {
    "cuda": {
      "ips_last1k": 39.42,
      "wall_time_s": 701.96,
      "peak_mb": 3578.5,
      "avg_mb": 1734.2,
      "final_gs": 2130855,
      "psnr": 25.382017135620117,
      "ssim": 0.8827179670333862,
      "lpips": 0.14478623867034912
    },
    "warp": {
      "ips_last1k": 40.13,
      "wall_time_s": 680.69,
      "peak_mb": 3756.7,
      "avg_mb": 1890.8,
      "final_gs": 2146823,
      "psnr": 25.32503318786621,
      "ssim": 0.8826055526733398,
      "lpips": 0.14438766241073608
    }
  },
  "drjohnson": {
    "cuda": {
      "ips_last1k": 30.83,
      "wall_time_s": 858.49,
      "peak_mb": 5308.1,
      "avg_mb": 2349.4,
      "final_gs": 3140133,
      "psnr": 29.41693115234375,
      "ssim": 0.9037836790084839,
      "lpips": 0.23733434081077576
    },
    "warp": {
      "ips_last1k": 31.96,
      "wall_time_s": 829.39,
      "peak_mb": 5505.7,
      "avg_mb": 2551.6,
      "final_gs": 3131436,
      "psnr": 29.466293334960938,
      "ssim": 0.904309093952179,
      "lpips": 0.2363278865814209
    }
  },
  "playroom": {
    "cuda": {
      "ips_last1k": 46.91,
      "wall_time_s": 595.48,
      "peak_mb": 3220.6,
      "avg_mb": 1521.6,
      "final_gs": 1857929,
      "psnr": 30.1146183013916,
      "ssim": 0.9087074398994446,
      "lpips": 0.24060118198394775
    },
    "warp": {
      "ips_last1k": 47.52,
      "wall_time_s": 584.17,
      "peak_mb": 3384.4,
      "avg_mb": 1689.1,
      "final_gs": 1859659,
      "psnr": 30.150676727294922,
      "ssim": 0.9081870317459106,
      "lpips": 0.24127310514450073
    }
  }
}